family,Photobacterium-profundum-SS9,Vibrio-cholerae-2740-80,Vibrio-cholerae-M66-2,Aliivibrio-salmonicida-LFI1238
0,1,1,1,1
1,1,1,1,1
2,1,0,0,1
3,1,1,1,1
4,1,1,1,1
5,1,1,1,1
6,0,0,0,57
7,1,1,1,1
8,1,1,1,1
9,1,0,1,1
10,1,1,1,1
11,2,1,1,1
12,2,1,2,2
13,0,0,0,26
14,0,0,1,1
15,1,1,1,1
16,0,0,0,91
17,1,1,1,1
18,0,1,1,1
19,1,1,1,1
20,1,1,1,1
21,0,0,0,2
22,0,0,0,91
23,1,0,0,1
24,1,1,1,1
25,1,1,1,1
26,0,0,1,1
27,1,0,1,1
28,1,1,1,1
29,1,1,1,1
30,1,1,1,1
31,0,1,1,1
32,0,0,0,44
33,1,1,1,1
34,1,1,1,1
35,1,1,1,1
36,1,0,1,1
37,0,0,0,10
38,1,1,1,1
39,1,1,1,1
40,1,1,1,1
41,0,1,1,1
42,1,1,1,1
43,1,1,1,1
44,1,1,1,1
45,1,1,1,1
46,1,1,1,1
47,1,1,1,1
48,1,1,1,1
49,1,0,0,1
50,1,1,1,1
51,1,1,1,1
52,0,0,1,1
53,1,1,1,1
54,0,1,1,1
55,1,1,1,1
56,1,0,0,1
57,1,1,1,1
58,1,0,0,2
59,1,0,0,27
60,0,0,0,2
61,1,1,1,1
62,1,1,1,1
63,0,0,0,66
64,0,1,1,1
65,0,1,1,1
66,0,1,1,1
67,1,1,1,1
68,1,1,1,1
69,1,0,0,1
70,1,0,1,1
71,1,0,1,1
72,1,1,1,1
73,1,1,1,1
74,1,1,1,1
75,1,1,1,1
76,0,0,0,2
77,1,1,1,1
78,1,1,1,1
79,0,0,0,9
80,1,1,1,1
81,1,1,1,1
82,1,0,1,1
83,1,1,1,1
84,1,1,1,1
85,0,1,1,1
86,1,1,1,1
87,1,1,1,1
88,0,0,0,2
89,1,1,1,1
90,1,1,1,1
91,1,1,1,1
92,1,1,1,1
93,1,1,1,1
94,1,1,1,1
95,1,1,1,1
96,0,1,1,1
97,1,1,1,1
98,1,1,1,1
99,1,1,1,1
100,1,1,1,1
101,1,1,1,1
102,1,1,1,1
103,1,0,0,1
104,1,1,1,1
105,1,1,1,1
106,1,1,1,1
107,1,1,1,1
108,1,1,1,1
109,1,1,1,1
110,1,1,1,1
111,0,1,1,1
112,1,1,1,1
113,1,0,1,1
114,1,0,0,1
115,0,0,0,2
116,1,0,0,1
117,1,0,0,1
118,1,1,1,1
119,0,1,1,1
120,1,0,1,1
121,1,0,0,1
122,1,1,2,1
123,1,0,0,1
124,1,1,1,1
125,1,0,1,1
126,1,0,0,1
127,0,1,1,1
128,1,1,1,1
129,1,1,1,1
130,0,1,1,1
131,1,0,1,1
132,1,1,1,1
133,1,1,1,1
134,1,1,1,1
135,2,2,2,2
136,1,1,1,1
137,1,0,0,1
138,1,1,1,1
139,1,1,1,1
140,2,1,1,2
141,1,0,0,1
142,1,1,1,1
143,1,1,1,1
144,1,1,1,1
145,1,1,1,1
146,1,1,1,1
147,0,1,1,1
148,1,0,0,1
149,1,1,1,1
150,0,0,0,2
151,1,1,1,1
152,2,0,2,1
153,2,1,1,1
154,1,1,1,1
155,1,1,1,1
156,1,0,0,1
157,0,1,1,1
158,1,0,0,1
159,1,1,1,1
160,1,1,1,1
161,1,1,1,1
162,1,1,1,1
163,1,1,1,1
164,1,1,1,1
165,1,1,1,1
166,0,0,0,2
167,0,0,1,1
168,1,1,1,1
169,1,1,1,1
170,0,0,0,2
171,1,1,1,1
172,0,0,0,3
173,1,1,1,1
174,1,0,0,1
175,1,1,1,1
176,1,1,1,1
177,1,1,1,1
178,1,0,0,1
179,1,0,0,1
180,1,0,0,1
181,0,1,1,1
182,1,0,0,1
183,1,1,1,1
184,1,1,1,1
185,1,0,1,1
186,1,1,1,1
187,1,1,1,1
188,1,1,2,1
189,0,0,0,3
190,1,1,1,1
191,0,1,1,1
192,0,1,1,1
193,1,1,1,1
194,1,0,1,1
195,1,1,1,1
196,1,0,0,1
197,2,1,1,1
198,1,1,1,1
199,1,1,1,1
200,0,0,0,2
201,1,1,1,1
202,1,1,1,1
203,0,0,0,3
204,1,1,1,1
205,1,1,1,1
206,1,1,1,1
207,1,1,1,1
208,0,1,1,1
209,1,1,1,1
210,1,1,1,1
211,1,1,1,1
212,1,0,0,1
213,1,1,1,1
214,1,1,1,1
215,0,1,1,1
216,1,1,1,1
217,1,1,1,1
218,1,1,1,1
219,0,1,1,1
220,0,1,1,1
221,1,1,1,1
222,1,0,0,1
223,1,1,1,1
224,0,1,1,1
225,1,1,1,1
226,1,2,1,1
227,0,1,1,1
228,1,1,1,1
229,1,1,1,1
230,1,0,0,1
231,0,1,1,1
232,1,0,0,1
233,1,1,1,1
234,1,1,1,1
235,1,1,1,1
236,1,1,1,1
237,1,1,1,1
238,1,0,0,1
239,1,1,1,1
240,1,1,1,1
241,1,1,1,1
242,1,1,1,1
243,1,1,1,1
244,1,1,1,1
245,1,1,1,1
246,1,0,0,1
247,1,1,1,1
248,1,0,0,1
249,1,1,1,1
250,1,0,0,1
251,2,0,0,1
252,1,1,1,1
253,1,1,1,1
254,1,0,1,1
255,1,1,1,1
256,1,1,1,1
257,1,1,1,1
258,1,1,1,1
259,1,1,1,1
260,1,1,1,1
261,1,1,1,1
262,1,0,0,1
263,1,1,1,1
264,1,0,0,1
265,0,0,0,3
266,0,0,0,2
267,1,1,1,1
268,0,1,1,1
269,1,1,1,1
270,1,0,1,1
271,1,1,1,1
272,1,0,0,1
273,1,1,1,1
274,0,0,1,1
275,1,0,1,1
276,1,1,1,1
277,0,0,1,1
278,1,1,1,1
279,1,1,1,1
280,1,0,0,1
281,1,1,1,1
282,1,1,1,1
283,1,1,1,1
284,1,1,1,1
285,1,1,1,1
286,1,1,1,1
287,1,0,1,1
288,1,0,1,1
289,1,1,1,1
290,0,0,0,2
291,0,0,0,3
292,1,0,0,1
293,1,1,1,1
294,0,0,0,2
295,1,1,1,1
296,1,0,1,1
297,1,1,1,1
298,0,0,0,2
299,1,0,0,1
300,1,1,1,1
301,1,1,1,1
302,1,0,0,1
303,1,1,1,1
304,0,0,0,2
305,1,1,1,1
306,1,0,0,1
307,1,1,1,1
308,1,0,0,1
309,0,1,1,1
310,2,0,0,2
311,1,1,1,1
312,1,1,1,1
313,1,0,0,1
314,1,1,1,1
315,1,1,1,1
316,1,1,1,1
317,1,0,0,1
318,1,0,1,1
319,1,0,1,1
320,1,1,1,1
321,1,1,1,1
322,1,0,1,1
323,0,2,2,3
324,1,1,1,1
325,1,1,1,1
326,0,0,0,2
327,1,1,1,1
328,2,1,1,2
329,2,1,1,2
330,1,0,1,1
331,1,1,1,1
332,1,1,1,1
333,1,0,0,1
334,1,1,1,1
335,1,1,1,1
336,1,1,1,1
337,1,1,1,1
338,1,1,1,1
339,1,1,1,1
340,1,0,1,1
341,1,0,1,1
342,1,1,1,1
343,1,1,1,1
344,0,1,1,1
345,0,5,6,1
346,1,1,1,1
347,0,1,1,1
348,1,1,1,1
349,0,1,1,1
350,0,0,1,1
351,1,0,1,1
352,0,0,0,2
353,1,1,1,1
354,0,0,1,1
355,0,0,0,2
356,1,0,0,1
357,0,1,1,1
358,1,0,0,1
359,1,1,1,1
360,1,1,1,1
361,1,1,1,1
362,1,1,1,1
363,1,1,1,1
364,0,1,1,1
365,0,0,1,1
366,1,1,1,1
367,0,5,2,1
368,0,0,0,2
369,1,1,1,1
370,0,1,1,1
371,1,1,1,1
372,1,1,1,1
373,1,1,1,1
374,1,0,0,1
375,1,1,1,1
376,1,0,0,1
377,1,0,1,1
378,1,1,1,1
379,1,1,1,1
380,1,1,1,1
381,1,1,1,1
382,1,1,1,1
383,1,1,1,1
384,1,1,1,1
385,1,1,1,1
386,0,1,1,1
387,1,1,1,1
388,1,1,1,1
389,1,1,1,1
390,0,1,1,1
391,1,1,1,1
392,1,1,1,1
393,0,1,1,1
394,1,0,0,1
395,1,1,1,1
396,1,1,1,1
397,1,1,1,1
398,1,0,1,1
399,1,1,1,1
400,1,1,1,1
401,1,1,1,1
402,1,1,1,1
403,0,1,1,1
404,1,1,1,1
405,0,2,2,1
406,1,1,1,1
407,0,1,1,1
408,1,1,1,1
409,0,0,0,2
410,1,1,1,1
411,1,1,1,1
412,1,1,1,1
413,1,1,1,1
414,1,1,1,1
415,1,1,1,2
416,0,1,1,1
417,0,1,1,1
418,1,1,1,1
419,1,1,1,1
420,1,0,0,1
421,1,1,1,1
422,1,1,1,1
423,0,1,1,1
424,0,0,0,2
425,1,0,1,1
426,1,1,1,1
427,1,1,1,1
428,0,1,1,1
429,1,1,1,1
430,1,1,1,1
431,1,1,1,1
432,0,0,0,2
433,1,1,1,1
434,0,0,1,1
435,1,1,1,1
436,0,1,1,1
437,1,1,1,1
438,0,1,1,1
439,1,0,0,1
440,1,1,1,1
441,1,1,1,1
442,0,0,0,2
443,1,1,1,1
444,1,1,1,1
445,1,1,1,1
446,1,0,0,1
447,1,1,1,1
448,1,1,1,1
449,1,1,1,1
450,1,0,1,1
451,2,0,0,1
452,1,1,1,1
453,1,1,1,1
454,1,1,1,1
455,0,1,1,1
456,1,1,1,1
457,0,1,1,1
458,1,0,0,1
459,1,0,1,1
460,1,1,1,1
461,1,1,1,1
462,1,0,1,1
463,1,1,1,1
464,1,0,1,1
465,0,0,0,2
466,1,1,1,1
467,1,1,1,1
468,1,1,1,1
469,1,1,1,1
470,1,1,1,1
471,1,0,1,1
472,1,1,1,1
473,1,1,1,1
474,1,1,1,1
475,2,2,2,2
476,1,0,0,1
477,1,1,1,1
478,0,1,1,1
479,1,1,1,1
480,1,1,1,1
481,1,1,1,1
482,0,0,0,2
483,1,1,1,1
484,1,1,1,1
485,0,1,1,1
486,0,0,0,2
487,1,1,1,1
488,1,1,2,1
489,1,0,0,1
490,1,1,1,1
491,1,0,0,1
492,1,1,1,1
493,1,1,1,1
494,1,0,1,1
495,1,1,1,1
496,1,1,1,1
498,1,1,1,1
499,0,1,1,1
500,0,1,1,1
501,1,0,1,1
502,1,0,0,1
503,1,0,0,1
504,1,1,1,1
505,2,1,1,1
506,1,0,0,1
507,1,1,1,1
508,2,1,1,1
509,1,1,1,1
510,1,0,1,1
511,0,1,1,1
512,1,0,0,1
513,0,1,1,1
514,1,1,1,1
515,1,1,1,1
516,1,1,1,1
517,1,0,0,1
518,1,1,1,1
519,1,1,1,1
520,1,1,1,1
521,1,1,1,1
522,1,1,1,1
523,1,1,1,1
524,1,1,1,1
525,1,1,1,1
526,1,1,1,1
527,1,1,1,1
528,1,1,1,1
529,1,0,0,1
530,0,1,1,1
531,1,0,0,1
532,1,1,1,1
533,1,1,1,1
534,1,1,1,1
535,1,1,1,1
536,1,1,1,1
537,1,0,0,1
538,1,1,1,1
539,1,0,1,1
540,0,1,1,1
541,1,0,0,1
542,1,0,1,1
543,1,1,1,1
544,1,1,1,1
545,1,1,1,1
546,1,1,1,1
547,1,1,1,1
548,1,1,1,1
549,1,1,1,1
550,1,1,1,1
551,1,1,1,1
552,1,1,1,1
553,1,1,1,1
554,0,1,1,1
555,1,0,0,1
556,1,1,1,1
557,1,1,1,1
558,1,0,0,1
559,1,1,1,1
560,1,1,1,1
561,1,1,1,1
562,1,1,1,1
563,0,0,0,2
564,1,1,1,1
565,1,0,0,1
566,1,0,0,1
567,1,0,1,1
568,1,1,1,1
569,1,0,0,1
570,1,1,1,1
571,1,0,1,1
572,1,1,1,1
573,1,1,1,1
574,1,1,1,1
575,1,0,1,1
576,1,1,1,1
577,0,1,1,1
578,1,1,1,1
579,0,5,6,2
580,1,1,1,1
581,1,1,1,1
582,1,0,1,1
583,1,1,1,1
584,1,0,0,1
585,1,0,0,1
586,0,1,1,1
587,1,0,1,1
588,0,0,0,2
589,0,1,1,1
590,1,1,1,1
591,1,0,1,1
592,1,0,0,1
593,1,1,1,1
594,1,0,1,1
595,1,1,1,1
596,0,1,1,1
597,1,1,1,1
598,1,1,1,1
599,1,0,0,1
600,1,1,1,1
601,1,1,1,1
602,1,1,1,1
603,1,1,1,1
604,1,1,1,1
605,0,0,0,2
606,1,1,1,1
607,1,1,1,1
608,1,1,1,1
609,1,0,1,1
610,1,1,1,1
611,0,1,1,1
612,1,1,1,1
613,1,1,1,1
614,1,1,1,1
615,1,1,1,1
616,0,1,1,1
617,1,1,1,1
618,0,1,1,1
619,1,1,1,1
620,1,0,1,1
621,1,1,1,1
622,1,1,1,1
623,1,1,1,1
624,1,1,1,1
625,1,1,1,1
626,0,1,1,1
627,1,1,1,1
628,0,0,0,2
629,1,1,1,1
630,1,0,0,1
631,1,1,1,1
632,0,1,1,1
633,1,1,1,1
634,1,1,1,1
635,1,1,1,1
636,1,1,1,1
637,0,1,1,1
638,1,1,1,1
639,1,1,1,1
640,1,1,1,1
641,1,1,1,1
642,1,1,1,1
643,1,0,0,1
644,0,1,1,1
645,1,1,1,1
646,0,1,1,1
647,0,1,1,1
648,1,0,0,1
649,1,1,1,1
650,1,1,1,1
651,1,1,1,1
652,0,0,0,2
653,1,1,1,1
654,1,0,0,1
655,1,1,1,1
656,1,1,1,1
657,1,1,1,1
658,1,0,0,1
659,1,0,1,1
660,1,1,1,1
661,1,1,1,1
662,1,1,1,1
663,1,1,1,1
664,0,1,1,1
665,1,1,1,1
666,1,1,1,1
667,1,1,1,1
668,1,0,1,1
669,1,1,1,1
670,1,0,0,1
671,1,1,1,1
672,1,1,1,1
673,1,1,1,1
674,1,1,1,1
675,0,1,1,1
676,1,0,0,1
677,1,1,1,1
678,1,1,1,1
679,1,1,1,1
680,0,1,1,1
681,1,0,1,1
682,1,1,1,1
683,0,0,1,1
684,1,0,1,1
685,1,1,1,1
686,1,0,0,1
687,1,1,1,1
688,1,1,1,1
689,1,0,0,1
690,1,0,0,1
691,1,1,1,1
692,1,1,1,1
693,0,1,1,1
694,1,1,1,1
695,0,0,0,2
696,0,0,0,2
697,1,1,1,1
698,1,1,1,1
699,1,1,1,1
700,1,0,0,1
701,1,1,1,1
702,1,0,1,1
703,1,0,0,1
704,1,1,1,1
705,1,0,0,1
706,1,1,1,1
707,1,1,1,1
708,1,1,1,1
709,1,0,0,1
710,0,1,1,1
711,0,1,1,1
712,1,1,1,1
713,1,0,1,1
714,1,1,1,1
715,1,0,0,1
716,1,1,1,1
717,1,0,0,1
718,1,1,1,1
719,1,0,0,1
720,1,1,1,1
721,1,1,1,1
722,6,2,2,3
723,1,1,1,1
724,0,1,1,1
725,1,0,0,1
726,1,1,1,1
727,1,0,0,1
728,1,1,1,1
729,1,0,0,1
730,1,1,1,1
731,1,1,1,1
732,1,0,0,1
733,1,1,1,1
734,1,1,1,1
735,1,1,1,1
736,1,1,1,1
737,0,1,1,1
738,1,1,1,1
739,0,1,1,1
740,1,0,0,1
741,1,0,0,1
742,1,0,0,1
743,0,1,1,1
744,1,1,1,1
745,1,1,1,1
746,1,1,1,1
747,1,1,1,1
748,1,1,1,1
749,1,1,1,1
750,0,1,1,1
751,1,1,1,1
752,1,1,1,1
753,1,0,1,1
754,1,1,1,1
755,1,1,1,1
756,1,1,1,1
757,0,0,1,1
758,1,1,1,1
759,1,0,0,1
760,0,1,1,1
761,1,1,1,1
762,1,1,1,1
763,1,1,1,1
764,1,0,0,1
765,1,1,1,1
766,1,1,1,1
767,0,1,1,1
768,1,1,1,1
769,0,1,1,1
770,0,1,1,1
771,2,0,0,1
772,1,1,1,1
773,1,1,1,1
774,0,1,1,1
775,1,0,0,1
776,1,1,1,1
777,1,1,1,1
778,1,1,1,1
779,1,1,1,1
780,1,1,1,1
781,1,1,1,1
782,1,0,1,1
783,0,1,1,1
784,1,1,1,1
785,1,1,1,1
786,1,0,1,1
787,1,1,1,1
788,1,1,1,1
789,1,1,1,1
790,1,1,1,1
791,1,1,1,1
792,1,0,0,1
793,1,0,1,1
794,1,1,1,1
795,1,1,1,1
796,1,0,0,1
797,1,1,1,1
798,1,1,1,1
799,1,1,1,1
800,1,1,1,1
801,1,1,1,1
802,1,0,1,1
803,1,1,1,1
804,1,0,0,1
805,0,0,0,2
806,1,1,1,1
807,1,1,1,1
808,1,1,1,1
809,1,1,1,1
810,1,1,1,1
811,1,1,1,1
812,1,1,1,1
813,1,1,1,1
814,1,1,1,1
815,1,0,1,1
816,1,1,1,1
817,1,0,0,1
818,1,1,1,1
819,1,0,0,1
820,1,1,1,1
821,1,1,1,1
822,1,0,0,1
823,1,1,1,1
824,1,0,0,1
825,1,1,1,1
826,1,0,1,1
827,1,1,1,1
828,1,1,1,1
829,1,0,0,1
830,1,0,1,1
831,1,1,1,1
832,1,1,1,1
833,0,1,1,1
834,1,0,1,1
835,1,1,1,1
836,1,1,1,1
837,1,0,1,1
838,1,1,1,1
839,1,0,1,1
840,1,0,0,1
841,0,1,1,1
842,1,0,0,1
843,0,1,1,1
844,1,1,1,1
845,1,1,1,1
846,1,1,1,1
847,0,1,1,1
848,1,0,0,1
849,1,1,1,1
850,1,1,1,1
851,1,1,1,1
852,1,0,0,1
853,1,1,1,1
854,1,0,1,1
855,1,1,1,1
856,1,0,1,1
857,0,1,1,1
858,1,1,1,1
859,1,0,1,1
860,1,0,1,1
861,1,1,1,1
862,0,1,1,1
863,1,1,1,1
864,1,0,1,1
865,0,0,0,2
866,1,1,1,1
867,0,0,0,2
868,0,1,1,1
869,1,1,1,1
870,1,1,1,1
871,1,1,1,1
872,1,1,1,1
873,1,0,0,1
874,1,1,1,1
875,1,1,1,1
876,1,0,1,1
877,1,1,1,1
878,1,1,1,1
879,1,1,1,2
880,1,1,1,1
881,0,1,1,1
882,0,1,1,1
883,0,0,0,2
884,0,1,1,1
885,1,1,1,1
886,1,0,0,1
887,1,1,1,1
888,1,1,1,1
889,1,0,0,1
890,1,1,1,1
891,1,1,1,1
892,1,1,1,1
893,1,2,1,1
894,1,1,1,1
895,1,1,1,1
896,1,1,1,1
897,1,1,1,1
898,1,1,1,1
899,1,1,1,1
900,1,1,1,1
901,1,0,0,1
902,1,1,1,1
903,1,1,1,1
904,1,1,1,1
905,0,1,1,1
906,1,0,1,1
907,1,1,1,1
908,1,1,1,1
909,1,1,1,1
910,1,1,1,1
911,1,1,1,1
912,1,1,1,1
913,1,1,1,1
914,1,0,0,1
915,1,0,0,1
916,1,0,1,1
917,1,1,1,1
918,1,1,1,1
919,1,1,1,1
920,0,1,1,1
921,1,0,0,1
922,1,1,1,1
923,1,0,1,1
924,1,1,1,1
925,1,1,1,1
926,1,0,1,1
927,1,0,0,1
928,1,1,1,1
929,1,1,1,1
930,1,0,1,1
931,1,1,1,1
932,1,0,2,1
933,1,1,1,1
934,1,1,1,1
935,0,1,1,1
936,2,1,1,1
937,1,1,1,1
938,1,1,1,1
939,1,1,1,1
940,1,1,1,1
941,1,1,1,1
942,1,1,1,1
943,1,1,1,1
944,1,1,1,1
945,1,1,1,1
946,0,1,1,1
947,1,0,0,1
948,1,1,1,1
949,1,0,0,1
950,1,0,0,1
951,1,0,0,1
952,1,1,1,1
953,1,1,1,1
954,1,0,0,1
955,1,0,1,1
956,1,1,1,1
957,1,0,0,1
958,1,1,1,1
959,1,0,0,1
960,1,1,1,1
961,1,1,1,1
962,0,1,1,1
963,1,1,1,1
964,0,0,0,2
965,1,1,1,1
966,0,1,1,1
967,1,1,1,1
968,1,1,1,1
969,1,1,1,1
970,1,1,1,1
971,1,0,0,1
972,1,0,1,1
973,1,0,0,1
974,1,1,1,1
975,1,1,1,1
976,1,1,1,1
977,0,1,1,1
978,0,0,1,1
979,1,1,1,1
980,1,1,1,1
981,1,1,1,1
982,1,1,1,1
983,1,1,1,1
984,1,0,0,1
985,1,0,1,1
986,1,1,1,1
987,1,1,1,1
988,1,1,1,1
989,1,1,1,1
990,1,0,0,1
991,1,0,1,1
992,1,1,1,1
993,1,0,1,1
994,0,1,1,1
995,1,1,1,1
996,1,0,1,1
997,1,1,1,1
998,1,2,2,1
999,1,1,1,1
1000,1,1,1,1
1001,0,1,1,1
1002,0,1,1,1
1003,1,1,1,1
1004,1,1,1,1
1005,1,1,1,1
1006,0,1,1,1
1007,1,0,0,1
1008,0,1,1,1
1009,1,0,1,1
1010,1,1,1,1
1011,1,0,1,1
1012,1,0,0,1
1013,1,0,0,1
1014,1,1,1,1
1015,1,1,1,1
1016,1,1,1,1
1017,1,0,0,1
1018,1,0,0,1
1019,1,0,1,1
1020,1,1,1,1
1021,1,0,1,1
1022,1,1,1,1
1023,0,1,1,1
1024,1,1,1,1
1025,0,1,1,1
1026,1,1,1,1
1027,1,1,1,1
1028,1,1,1,1
1029,1,1,1,1
1030,1,1,1,1
1031,1,1,1,1
1032,0,1,2,1
1033,1,1,1,1
1034,1,1,1,1
1035,0,1,1,1
1036,1,1,1,1
1037,1,0,0,1
1038,1,0,0,1
1039,0,1,1,1
1040,1,0,1,1
1041,1,1,1,1
1042,0,1,1,1
1043,1,0,0,1
1044,1,1,1,1
1045,1,0,0,1
1046,1,1,1,1
1047,1,0,1,1
1048,1,1,1,1
1049,1,1,1,1
1050,1,1,1,1
1051,1,1,1,1
1052,1,1,1,1
1053,1,1,1,1
1054,1,0,0,1
1055,1,0,1,1
1056,2,0,1,1
1057,0,1,1,1
1058,1,1,1,1
1059,0,1,1,1
1060,0,1,1,1
1061,1,1,1,1
1062,1,0,0,1
1063,1,1,1,1
1064,1,0,0,1
1065,0,1,1,1
1066,1,1,1,1
1067,1,1,1,1
1068,0,0,0,2
1069,1,1,1,1
1070,0,1,1,1
1071,1,1,1,1
1072,1,0,0,1
1073,1,1,1,1
1074,0,1,1,1
1075,1,1,1,1
1076,1,0,0,1
1077,1,1,1,1
1078,0,1,1,1
1079,2,1,1,1
1080,1,1,1,1
1081,1,1,1,1
1082,1,1,1,1
1083,1,1,1,1
1084,1,1,1,1
1085,1,1,1,1
1086,1,1,1,1
1087,1,0,0,1
1088,1,1,1,1
1089,2,2,2,1
1090,1,1,1,1
1091,0,0,0,2
1092,1,1,1,1
1093,1,1,1,1
1094,1,1,1,1
1095,1,1,1,1
1096,1,0,1,1
1097,1,1,1,1
1098,1,1,1,1
1099,1,1,1,1
1100,1,0,0,1
1101,1,1,1,1
1102,1,1,1,1
1103,1,0,0,1
1104,1,1,1,1
1105,1,1,1,1
1106,1,1,1,1
1107,0,1,1,1
1108,1,0,1,1
1109,1,0,0,1
1110,1,1,1,1
1111,1,1,1,1
1112,0,1,1,1
1113,1,1,1,1
1114,1,1,1,1
1115,0,1,1,1
1116,1,0,1,1
1117,1,0,0,1
1118,0,1,1,1
1119,0,1,1,1
1120,1,1,1,1
1121,0,1,1,1
1122,1,1,1,1
1123,1,1,1,1
1124,1,0,1,1
1125,1,1,1,1
1126,1,1,1,1
1127,1,0,0,1
1128,1,1,1,1
1129,1,1,1,1
1130,1,0,0,1
1131,1,1,1,1
1132,1,1,1,1
1133,2,1,1,1
1134,1,1,1,1
1135,1,0,0,1
1136,1,1,1,1
1137,0,0,0,2
1138,0,1,1,1
1139,1,1,1,1
1140,1,1,1,1
1141,1,0,0,1
1142,1,1,1,1
1143,1,1,1,1
1144,1,1,1,1
1145,1,1,1,1
1146,1,1,1,1
1147,1,1,1,1
1148,1,0,1,1
1149,1,0,0,1
1150,1,1,1,1
1151,1,0,0,1
1152,1,1,1,1
1153,1,0,0,1
1154,0,1,1,1
1155,1,1,1,1
1156,1,1,1,1
1157,1,1,1,1
1158,1,0,1,1
1159,1,1,1,1
1160,2,1,1,1
1161,1,0,1,1
1162,1,0,0,1
1163,1,0,0,1
1164,1,1,1,1
1165,1,1,1,1
1166,1,0,1,1
1167,0,0,0,2
1168,1,1,1,1
1169,1,1,1,1
1170,1,0,0,1
1171,0,1,1,1
1172,1,1,1,1
1173,1,0,0,1
1174,1,1,1,1
1175,1,1,1,1
1176,1,1,1,1
1177,1,1,1,1
1178,1,1,1,1
1179,1,0,0,1
1180,1,0,1,1
1181,0,1,1,1
1182,1,1,1,1
1183,0,1,1,1
1184,2,0,1,1
1185,1,1,1,1
1186,1,1,1,1
1187,1,0,0,1
1188,1,1,1,1
1189,1,1,1,1
1190,1,1,1,1
1191,2,0,0,1
1192,1,0,1,1
1193,1,0,0,1
1194,1,1,1,1
1195,1,1,1,1
1196,1,1,1,1
1197,1,0,0,1
1198,1,1,1,1
1199,1,1,1,1
1200,1,1,1,1
1201,0,1,1,1
1202,1,0,0,1
1203,1,0,1,1
1204,1,1,1,1
1205,1,0,0,1
1206,1,1,1,1
1207,1,1,1,1
1208,1,1,1,1
1209,1,1,1,1
1210,1,1,1,1
1211,1,1,1,1
1212,1,1,1,1
1213,0,0,1,1
1214,1,1,1,1
1215,1,1,1,1
1216,1,1,1,1
1217,1,1,1,1
1218,1,0,1,1
1219,1,1,1,1
1220,1,1,1,1
1221,1,0,0,1
1222,1,1,1,1
1223,1,1,1,1
1224,1,0,0,1
1225,1,1,1,1
1226,1,0,1,1
1227,1,1,1,1
1228,1,1,1,1
1229,0,2,2,1
1230,1,1,1,1
1231,1,1,1,1
1232,0,1,1,1
1233,1,0,0,1
1234,0,1,1,1
1235,1,1,1,1
1236,1,1,1,1
1237,1,1,1,1
1238,1,1,1,1
1239,1,1,1,1
1240,0,1,1,1
1241,1,0,0,1
1242,0,1,1,1
1243,1,1,1,1
1244,1,1,1,1
1245,1,1,1,1
1246,1,1,1,1
1247,0,1,1,1
1248,1,1,1,1
1249,1,1,1,1
1250,1,1,1,1
1251,1,1,1,1
1252,0,1,1,1
1253,0,1,1,1
1254,1,0,0,1
1255,1,0,1,1
1256,1,1,1,1
1257,1,1,1,1
1258,0,1,1,1
1259,1,0,0,1
1260,0,1,1,1
1261,1,1,1,1
1262,1,1,1,1
1263,1,1,1,1
1264,1,0,1,1
1265,1,1,1,1
1266,1,1,1,1
1267,1,1,1,1
1268,1,0,0,1
1269,1,1,1,1
1270,1,1,1,1
1271,1,1,1,1
1272,1,1,1,1
1273,1,1,1,1
1274,1,1,1,1
1275,1,1,1,1
1276,4,0,0,0
1277,2,0,0,0
1278,2,0,0,0
1279,10,0,0,0
1280,9,0,0,0
1281,2,0,0,0
1282,34,0,0,0
1283,1,1,1,0
1284,1,1,1,0
1285,1,1,1,0
1286,2,0,0,0
1287,25,0,0,0
1288,1,1,1,0
1289,1,1,1,0
1290,2,0,0,0
1291,16,0,0,0
1293,63,0,0,0
1294,9,0,0,0
1295,12,0,0,0
1296,1,1,1,0
1297,2,0,0,0
1298,1,1,1,0
1299,2,0,0,0
1300,17,0,0,0
1301,1,1,1,0
1302,2,0,0,0
1303,2,0,0,0
1304,7,0,0,0
1305,4,0,0,0
1306,10,0,0,0
1307,3,0,0,0
1308,1,1,1,0
1309,2,0,0,0
1310,8,0,0,0
1311,2,0,0,0
1312,7,0,0,0
1313,1,1,1,0
1314,1,1,1,0
1315,1,1,1,0
1316,2,0,0,0
1317,1,1,1,0
1318,1,1,1,0
1319,2,0,0,0
1320,5,0,0,0
1321,2,0,0,0
1322,1,1,1,0
1323,1,1,1,0
1324,1,1,1,0
1325,1,1,1,0
1326,2,0,0,0
1327,12,0,0,0
1328,1,1,1,0
1329,1,1,1,0
1330,2,0,0,0
1331,1,1,1,0
1332,9,0,0,0
1333,9,0,0,0
1334,1,2,1,0
1335,1,1,1,0
1336,1,1,1,0
1337,2,0,0,0
1338,1,1,0,0
1339,2,0,0,0
1340,2,0,1,0
1341,1,2,1,0
1342,1,1,1,0
1343,3,0,0,0
1344,1,1,1,0
1345,2,0,0,0
1346,2,0,0,0
1347,1,1,1,0
1348,1,1,1,0
1349,9,0,0,0
1350,1,1,1,0
1351,1,1,1,0
1352,2,0,0,0
1353,1,1,1,0
1354,3,0,0,0
1355,2,0,0,0
1356,1,1,1,0
1357,1,1,1,0
1358,1,1,1,0
1359,2,0,0,0
1360,1,1,1,0
1361,1,1,1,0
1362,1,1,1,0
1363,2,0,0,0
1364,3,0,0,0
1365,1,1,1,0
1367,9,0,0,0
1368,1,1,1,0
1369,1,1,1,0
1370,2,0,0,0
1371,1,1,1,0
1372,1,1,1,0
1373,1,1,1,0
1374,2,0,0,0
1376,1,1,1,0
1377,1,1,1,0
1378,1,1,1,0
1379,1,1,1,0
1380,1,1,1,0
1381,1,1,1,0
1382,1,1,1,0
1383,2,0,0,0
1384,1,1,1,0
1385,2,0,0,0
1386,2,0,0,0
1387,1,1,1,0
1388,1,1,1,0
1389,1,1,1,0
1390,3,0,0,0
1391,1,1,1,0
1392,3,0,0,0
1393,1,1,1,0
1394,2,0,0,0
1395,1,1,1,0
1396,1,1,1,0
1397,1,1,1,0
1398,1,1,1,0
1399,1,1,1,0
1400,2,0,0,0
1401,2,0,0,0
1402,1,1,1,0
1403,1,0,1,0
1404,2,0,0,0
1405,1,0,1,0
1406,1,1,1,0
1407,2,0,0,0
1408,1,1,1,0
1409,2,0,0,0
1410,3,0,0,0
1411,1,1,1,0
1412,2,0,0,0
1413,3,0,0,0
1414,2,0,0,0
1415,2,0,0,0
1416,1,1,1,0
1417,1,0,1,0
1418,1,2,2,0
1419,3,0,0,0
1420,1,1,1,0
1421,1,1,1,0
1422,1,1,1,0
1423,1,1,1,1
1424,1,1,1,0
1425,2,0,0,0
1426,1,1,1,0
1427,1,1,1,0
1428,1,1,0,0
1429,2,0,0,0
1430,1,1,1,0
1431,2,0,0,0
1432,1,1,1,0
1433,1,1,1,0
1434,1,1,1,0
1435,1,1,1,0
1436,1,1,1,0
1437,2,0,0,0
1438,1,1,1,0
1439,2,1,1,0
1440,1,1,1,0
1441,2,0,0,0
1442,2,0,0,0
1443,1,1,1,0
1444,1,1,1,0
1445,2,0,0,0
1446,3,0,0,0
1447,1,1,1,0
1448,1,1,1,0
1449,1,1,1,0
1450,2,1,1,0
1451,1,1,1,0
1452,1,1,1,0
1453,1,1,1,0
1454,1,1,1,0
1455,1,1,1,0
1456,2,0,0,0
1457,1,1,1,0
1458,1,1,1,0
1459,1,1,1,0
1460,1,1,1,0
1461,1,1,1,0
1462,1,1,1,0
1463,1,1,1,0
1464,1,1,1,0
1465,1,1,1,0
1466,1,1,1,0
1467,1,1,1,0
1468,2,0,0,0
1469,2,0,0,0
1470,1,1,1,0
1471,1,1,0,0
1472,1,1,1,0
1473,1,1,1,0
1474,1,1,0,0
1475,1,1,1,0
1476,1,2,1,0
1477,1,2,1,0
1478,1,0,1,0
1479,1,0,1,0
1480,1,1,1,0
1481,2,0,0,0
1482,2,0,0,0
1483,2,0,0,0
1484,1,1,1,0
1485,1,1,1,0
1486,1,0,1,0
1487,1,1,0,0
1488,1,1,1,0
1489,2,0,0,0
1490,1,1,1,0
1491,1,0,1,0
1492,1,1,1,0
1493,1,1,1,0
1494,1,1,1,0
1495,1,0,1,0
1496,1,1,1,0
1497,1,1,1,0
1498,1,1,1,0
1499,1,1,1,0
1500,1,1,1,0
1501,0,1,1,0
1502,0,2,0,0
1503,0,1,1,0
1504,0,1,1,0
1505,0,1,1,0
1506,0,1,1,0
1507,0,1,1,0
1508,0,1,1,0
1509,0,1,1,0
1510,0,1,1,0
1511,0,1,1,0
1512,0,1,1,0
1513,0,1,1,0
1514,0,1,1,0
1515,0,1,1,0
1516,0,1,1,0
1517,0,1,1,0
1518,0,1,1,0
1519,0,1,1,0
1520,0,1,1,0
1521,0,1,1,0
1522,0,1,1,0
1523,0,1,1,0
1524,0,2,0,0
1525,0,1,1,0
1526,0,1,1,0
1527,0,1,1,0
1528,0,1,1,0
1529,0,1,1,0
1530,0,1,1,0
1531,0,1,1,0
1532,0,1,1,0
1533,0,1,1,0
1534,0,1,1,0
1535,0,1,1,0
1536,0,1,1,0
1537,0,1,1,0
1538,0,1,1,0
1539,0,1,1,0
1540,0,1,1,0
1541,0,1,1,0
1542,0,1,1,0
1543,0,1,1,0
1544,0,1,1,0
1545,0,1,1,0
1546,0,1,1,0
1547,0,1,1,0
1548,0,1,1,0
1549,0,1,1,0
1550,0,1,1,0
1551,0,1,1,0
1552,0,1,1,0
1553,0,1,1,0
1554,0,1,1,0
1555,0,1,1,0
1556,0,1,1,0
1557,0,1,1,0
1558,0,1,1,0
1559,0,1,1,0
1560,0,1,1,0
1561,0,1,1,0
1562,0,1,1,0
1563,0,1,1,0
1564,0,3,3,0
1565,0,1,1,0
1566,0,1,1,0
1567,0,1,1,0
1568,0,1,2,0
1569,0,1,1,0
1570,0,1,1,0
1571,0,1,1,0
1572,0,1,1,0
1573,0,1,1,0
1574,0,1,1,0
1575,0,1,1,0
1576,0,1,1,0
1577,0,1,1,0
1578,0,1,1,0
1579,0,1,1,0
1580,0,1,1,0
1581,0,1,1,0
1582,0,1,1,0
1583,0,1,1,0
1584,0,1,1,0
1585,0,1,1,0
1586,0,1,1,0
1587,0,1,1,0
1588,0,1,1,0
1589,0,1,1,0
1590,0,1,1,0
1591,0,1,1,0
1592,0,1,1,0
1593,0,1,1,0
1594,0,1,1,0
1595,0,1,1,0
1596,0,1,1,0
1597,0,1,1,0
1598,0,1,1,0
1599,0,1,1,0
1600,0,1,1,0
1601,0,1,1,0
1602,0,1,1,0
1603,0,1,1,0
1604,0,1,1,0
1605,0,1,1,0
1606,0,1,1,0
1607,0,1,1,0
1608,0,1,1,0
1609,0,1,1,0
1610,0,1,1,0
1611,0,1,1,0
1612,0,1,2,0
1613,0,2,0,0
1614,0,1,1,0
1615,0,1,1,0
1616,0,1,1,0
1617,0,1,1,0
1618,0,1,1,0
1619,0,1,1,0
1620,0,1,1,0
1621,0,1,1,0
1622,0,1,1,0
1623,0,2,0,0
1624,0,1,1,0
1625,0,1,1,0
1626,0,1,1,0
1627,0,1,1,0
1628,0,1,1,0
1629,0,1,1,0
1630,0,1,1,0
1631,0,1,1,0
1632,0,1,1,0
1633,0,1,1,0
1634,0,1,1,0
1635,0,1,1,0
1636,0,1,1,0
1637,0,1,1,0
1638,0,1,1,0
1639,0,1,1,0
1640,0,1,1,0
1641,0,1,1,0
1642,0,1,1,0
1643,0,1,1,0
1644,0,1,1,0
1645,0,1,1,0
1646,0,1,1,0
1647,0,1,1,0
1648,0,1,1,0
1649,0,1,1,0
1650,0,1,1,0
1651,0,1,1,0
1652,0,1,1,0
1653,0,1,1,0
1654,0,1,1,0
1655,0,1,1,0
1656,0,1,1,0
1657,0,1,1,0
1658,0,1,1,0
1659,0,1,1,0
1660,0,1,1,0
1661,0,1,1,0
1662,0,1,1,0
1663,0,1,1,0
1664,0,1,1,0
1665,0,4,1,0
1666,0,1,1,0
1667,0,1,1,0
1668,0,1,1,0
1669,0,1,1,0
1670,0,1,1,0
1671,0,1,1,0
1672,0,1,1,0
1673,0,1,1,0
1674,0,1,1,0
1675,0,1,1,0
1676,0,1,1,0
1677,0,1,1,0
1678,0,1,1,0
1679,0,1,1,0
1680,0,1,1,0
1681,0,1,1,0
1682,0,1,1,0
1683,0,1,1,0
1684,0,1,1,0
1685,0,1,1,0
1686,0,1,1,0
1687,0,2,0,0
1688,0,1,1,0
1689,0,1,1,0
1690,0,1,1,0
1691,0,1,1,0
1692,0,1,1,0
1693,0,1,1,0
1694,0,1,1,0
1695,0,1,1,0
1696,0,1,1,0
1697,0,1,1,0
1698,0,1,1,0
1699,0,1,1,0
1700,0,1,1,0
1701,0,1,1,0
1702,0,1,1,0
1703,0,1,1,0
1704,0,1,1,0
1705,0,1,1,0
1706,0,4,3,0
1707,0,1,1,0
1708,0,1,1,0
1709,0,1,1,0
1710,0,1,1,0
1711,0,1,1,0
1712,0,1,1,0
1713,0,1,1,0
1714,0,1,1,0
1715,0,1,1,0
1716,0,1,1,0
1717,0,1,1,0
1718,0,1,1,0
1719,0,1,1,0
1720,0,1,1,0
1721,0,1,1,0
1722,0,1,1,0
1723,0,1,1,0
1724,0,1,1,0
1725,0,1,1,0
1726,0,1,1,0
1727,0,1,1,0
1728,0,1,1,0
1729,0,1,1,0
1730,0,1,1,0
1731,0,2,0,0
1732,0,1,1,0
1733,0,1,1,0
1734,0,1,1,0
1735,0,1,1,0
1736,0,1,1,0
1737,0,1,1,0
1738,0,1,1,0
1739,0,1,1,0
1740,0,1,1,0
1741,0,2,0,0
1742,0,1,1,0
1743,0,1,1,0
1744,0,1,1,0
1745,0,1,1,0
1746,0,1,1,0
1747,0,1,1,0
1748,0,1,1,0
1749,0,1,1,0
1750,0,1,1,0
1751,0,1,1,0
1752,0,1,1,0
1753,0,1,1,0
1754,0,1,1,0
1755,0,1,1,0
1756,0,1,1,0
1757,0,1,1,0
1758,0,1,1,0
1759,0,1,1,0
1760,0,1,1,0
1761,0,1,1,0
1762,0,1,1,0
1763,0,1,1,0
1764,0,1,1,0
1765,0,1,1,0
1766,0,1,1,0
1767,0,1,1,0
1768,0,1,1,0
1769,0,1,1,0
1770,0,1,1,0
1771,0,1,1,0
1772,0,1,1,0
1773,0,1,1,0
1774,0,2,0,0
1775,0,1,1,0
1776,0,1,1,0
1777,0,2,1,0
1778,0,2,2,0
1779,0,1,1,0
1780,0,1,1,0
1781,0,1,1,0
1782,0,2,1,0
1783,0,5,2,0
1784,0,1,1,0
1785,0,1,1,0
1786,0,1,1,0
1787,0,1,1,0
1788,0,1,1,0
1789,0,1,1,0
1790,0,8,4,0
1791,0,1,1,0
1792,0,1,1,0
1793,0,1,1,0
1794,0,1,1,0
1795,0,1,1,0
1796,0,1,1,0
1797,0,1,1,0
1798,0,1,1,0
1799,0,1,1,0
1800,0,1,1,0
1801,0,1,1,0
1802,0,1,1,0
1803,0,1,1,0
1804,0,1,1,0
1805,0,1,1,0
1806,0,1,1,0
1807,0,1,1,0
1808,0,1,1,0
1809,0,1,1,0
1810,0,1,1,0
1811,0,1,1,0
1812,0,2,2,0
1813,0,1,1,0
1814,0,1,1,0
1815,0,1,1,0
1816,0,1,1,0
1817,0,1,1,0
1818,0,1,1,0
1819,0,1,1,0
1820,0,1,1,0
1821,0,1,1,0
1822,0,1,1,0
1823,0,1,1,0
1824,0,1,1,0
1825,0,1,1,0
1826,0,1,1,0
1827,0,1,1,0
1828,0,1,1,0
1829,0,1,1,0
1830,0,1,1,0
1831,0,1,1,0
1832,0,1,1,0
1833,0,1,1,0
1834,0,1,1,0
1835,0,1,1,0
1836,0,1,1,0
1837,0,1,1,0
1838,0,1,1,0
1839,0,1,1,0
1840,0,1,1,0
1841,0,1,1,0
1842,0,1,1,0
1843,0,1,1,0
1844,0,1,1,0
1845,0,3,0,0
1846,0,1,1,0
1847,0,1,1,0
1848,0,1,1,0
1849,0,1,1,0
1850,0,1,1,0
1851,0,1,1,0
1852,0,1,1,0
1853,0,1,1,0
1854,0,1,1,0
1855,0,1,1,0
1856,0,1,1,0
1857,0,1,1,0
1858,0,1,1,0
1859,0,1,1,0
1860,0,1,1,0
1861,0,1,1,0
1862,0,2,0,0
1863,0,1,1,0
1864,0,1,1,0
1865,0,1,1,0
1866,0,1,1,0
1867,0,1,1,0
1868,0,1,1,0
1869,0,1,1,0
1870,0,1,1,0
1871,0,1,1,0
1872,0,1,1,0
1873,0,1,1,0
1874,0,1,1,0
1875,0,1,1,0
1876,0,1,1,0
1877,0,1,1,0
1878,0,1,1,0
1879,0,1,1,0
1880,0,1,1,0
1881,0,1,1,0
1882,0,1,1,0
1883,0,1,1,0
1884,0,1,1,0
1885,0,1,1,0
1886,0,1,1,0
1887,0,1,1,0
1888,0,1,1,0
1889,0,1,1,0
1890,0,1,1,0
1891,0,1,1,0
1892,0,1,1,0
1893,0,1,1,0
1894,0,1,1,0
1895,0,1,1,0
1896,0,1,1,0
1897,0,1,1,0
1898,0,1,1,0
1899,0,1,1,0
1900,0,1,1,0
1901,0,1,1,0
1902,0,1,1,0
1903,0,1,1,0
1904,0,1,1,0
1905,0,1,1,0
1906,0,1,1,0
1907,0,1,1,0
1908,0,1,1,0
1909,0,1,1,0
1910,0,1,1,0
1911,0,1,1,0
1912,0,2,0,0
1913,0,1,1,0
1914,0,1,1,0
1915,0,1,1,0
1916,0,1,1,0
1917,0,1,1,0
1918,0,1,1,0
1919,0,1,1,0
1920,0,1,1,0
1921,0,1,1,0
1922,0,1,1,0
1923,0,1,1,0
1924,0,1,1,0
1925,0,1,1,0
1926,0,1,1,0
1927,0,1,1,0
1928,0,1,1,0
1929,0,1,1,0
1930,0,1,1,0
1931,0,1,1,0
1932,0,1,1,0
1933,0,1,1,0
1934,0,1,1,0
1935,0,1,1,0
1936,0,1,1,0
1937,0,1,1,0
1938,0,1,1,0
1939,0,1,1,0
1940,0,1,1,0
1941,0,1,1,0
1942,0,1,1,0
1943,0,1,1,0
1944,0,1,1,0
1945,0,1,1,0
1946,0,1,1,0
1947,0,1,1,0
1948,0,1,1,0
1949,0,1,1,0
1950,0,1,1,0
1951,0,1,1,0
1952,0,1,1,0
1953,0,1,1,0
1954,0,1,1,0
1955,0,1,1,0
1956,0,1,1,0
1957,0,1,1,0
1958,0,1,1,0
1959,0,1,1,0
1960,0,1,1,0
1961,0,1,1,0
1962,0,1,1,0
1963,0,1,1,0
1964,0,1,1,0
1965,0,1,1,0
1966,0,1,1,0
1967,0,1,1,0
1968,0,1,1,0
1969,0,1,1,0
1970,0,1,1,0
1971,0,1,1,0
1972,0,1,1,0
1973,0,2,0,0
1974,0,1,1,0
1975,0,1,1,0
1976,0,1,1,0
1977,0,1,1,0
1978,0,1,1,0
1979,0,1,1,0
1980,0,1,1,0
1981,0,1,1,0
1982,0,1,1,0
1983,0,1,1,0
1984,0,1,1,0
1985,0,1,1,0
1986,0,1,1,0
1987,0,1,1,0
1988,0,1,1,0
1989,0,1,1,0
1990,0,1,1,0
1991,0,1,1,0
1992,0,1,1,0
1993,0,1,1,0
1994,0,1,1,0
1995,0,1,1,0
1996,0,1,1,0
1997,0,1,1,0
1998,0,1,1,0
1999,0,1,1,0
2000,0,1,1,0
2001,0,1,1,0
2002,0,1,1,0
2003,0,1,1,0
2004,0,1,1,0
2005,0,1,1,0
2006,0,1,1,0
2007,0,1,1,0
2008,0,2,2,0
2009,0,1,1,0
2010,0,1,1,0
2011,0,1,1,0
2012,0,1,1,0
2013,0,1,1,0
2014,0,1,1,0
2015,0,1,1,0
2016,0,1,1,0
2017,0,1,1,0
2018,0,1,1,0
2019,0,1,1,0
2020,0,1,1,0
2021,0,1,1,0
2022,0,1,1,0
2023,0,1,1,0
2024,0,1,1,0
2025,0,1,1,0
2026,0,1,1,0
2027,0,1,1,0
2028,0,1,1,0
2029,0,1,1,0
2030,0,1,1,0
2031,0,1,1,0
2032,0,1,1,0
2033,0,1,1,0
2034,0,1,1,0
2035,0,4,0,0
2036,0,1,1,0
2037,0,1,1,0
2038,0,1,1,0
2039,0,1,1,0
2040,0,1,1,0
2041,0,1,1,0
2042,0,1,1,0
2043,0,1,1,0
2044,0,1,1,0
2045,0,1,1,0
2046,0,1,1,0
2047,0,1,1,0
2048,0,1,1,0
2049,0,1,1,0
2050,0,1,1,0
2051,0,1,1,0
2052,0,1,1,0
2053,0,1,1,0
2054,0,1,1,0
2055,0,1,1,0
2056,0,1,1,0
2057,0,1,1,0
2058,0,1,1,0
2059,0,1,1,0
2060,0,1,1,0
2061,0,1,1,0
2062,0,1,1,0
2063,0,1,1,0
2064,0,1,1,0
2065,0,1,1,0
2066,0,1,1,0
2067,0,1,1,0
2068,0,1,1,0
2069,0,1,1,0
2070,0,1,1,0
2071,0,1,1,0
2072,0,1,1,0
2073,0,2,0,0
2074,0,1,1,0
2075,0,1,1,0
2076,0,1,1,0
2077,0,1,1,0
2078,0,1,1,0
2079,0,1,1,0
2080,0,1,1,0
2081,0,1,1,0
2082,0,1,1,0
2083,0,1,1,0
2084,0,1,1,0
2085,0,1,1,0
2086,0,1,1,0
2087,0,1,1,0
2088,0,1,1,0
2089,0,1,1,0
2090,0,1,1,0
2091,0,1,1,0
2092,0,1,1,0
2093,0,1,1,0
2094,0,1,1,0
2095,0,1,1,0
2096,0,1,1,0
2097,0,1,1,0
2098,0,1,1,0
2099,0,1,1,0
2100,0,1,1,0
2101,0,1,1,0
2102,0,1,1,0
2103,0,1,1,0
2104,0,1,1,0
2105,0,1,1,0
2106,0,1,1,0
2107,0,2,1,0
2108,0,1,1,0
2109,0,1,1,0
2110,0,1,1,0
2111,0,1,1,0
2112,0,1,1,0
2113,0,1,1,0
2114,0,1,1,0
2115,0,1,1,0
2116,0,1,1,0
2117,0,1,1,0
2118,0,1,1,0
2119,0,1,1,0
2120,0,1,1,0
2121,0,1,1,0
2122,0,1,1,0
2123,0,1,1,0
2124,0,1,1,0
2125,0,1,1,0
2126,0,1,1,0
2127,0,1,1,0
2128,0,1,1,0
2129,0,1,1,0
2130,0,1,1,0
2131,0,1,1,0
2132,0,1,1,0
2133,0,1,1,0
2134,0,1,1,0
2135,0,1,1,0
2136,0,1,1,0
2137,0,1,1,0
2138,0,1,2,0
2139,0,1,1,0
2140,0,1,1,0
2141,0,1,1,0
2142,0,1,1,0
2143,0,1,1,0
2144,0,1,1,0
2145,0,1,1,0
2146,0,1,1,0
2147,0,1,1,0
2148,0,1,1,0
2149,0,1,1,0
2150,0,1,1,0
2151,0,1,1,0
2152,0,1,1,0
2153,0,1,1,0
2154,0,1,1,0
2155,0,1,1,0
2156,0,1,1,0
2157,0,1,1,0
2158,0,1,1,0
2159,0,1,1,0
2160,0,1,1,0
2161,0,1,1,0
2162,0,1,1,0
2163,0,1,1,0
2164,0,1,1,0
2165,0,1,1,0
2166,0,1,1,0
2167,0,1,1,0
2168,0,1,1,0
2169,0,1,1,0
2170,0,1,1,0
2171,0,1,1,0
2172,0,1,1,0
2173,0,1,1,0
2174,0,1,1,0
2175,0,1,1,0
2176,0,1,1,0
2177,0,2,2,0
2178,0,1,1,0
2179,0,1,1,0
2180,0,1,1,0
2181,0,1,1,0
2182,0,1,1,0
2183,0,1,1,0
2184,0,1,1,0
2185,0,1,1,0
2186,0,1,1,0
2187,0,1,1,0
2188,0,1,1,0
2189,0,1,1,0
2190,0,1,1,0
2191,0,1,1,0
2192,0,3,4,0
2193,0,1,1,0
2194,0,1,1,0
2195,0,1,1,0
2196,0,1,1,0
2197,0,1,1,0
2198,0,1,1,0
2199,0,1,1,0
2200,0,2,0,0
2201,0,3,2,0
2202,0,1,1,0
2203,0,1,1,0
2204,0,1,1,0
2205,0,1,1,0
2206,0,1,1,0
2207,0,2,0,0
2208,0,1,1,0
2209,0,1,1,0
2210,0,1,1,0
2211,0,2,1,0
2212,0,1,1,0
2213,0,1,1,0
2214,0,1,1,0
2215,0,1,1,0
2216,0,1,1,0
2217,0,1,1,0
2218,0,2,2,0
2219,0,1,1,0
2220,0,1,1,0
2221,0,1,1,0
2222,0,1,1,0
2223,0,1,1,0
2224,0,1,1,0
2225,0,1,1,0
2226,0,1,1,0
2227,0,1,1,0
2228,0,1,1,0
2229,0,1,1,0
2230,0,1,1,0
2231,0,1,1,0
2232,0,1,1,0
2233,0,1,1,0
2234,0,1,1,0
2235,0,2,0,0
2236,0,1,1,0
2237,0,1,1,0
2238,0,1,1,0
2239,0,1,1,0
2240,0,1,1,0
2241,0,1,1,0
2242,0,1,1,0
2243,0,1,1,0
2244,0,1,1,0
2245,0,1,1,0
2246,0,1,1,0
2247,0,1,1,0
2248,0,1,1,0
2249,0,1,1,0
2250,0,1,1,0
2251,0,1,1,0
2252,0,1,1,0
2253,0,1,1,0
2254,0,1,1,0
2255,0,1,1,0
2256,0,1,1,0
2257,0,1,1,0
2258,0,1,1,0
2259,0,1,1,0
2260,0,1,1,0
2261,0,1,1,0
2262,0,1,1,0
2263,0,1,1,0
2264,0,1,1,0
2265,0,1,1,0
2266,0,1,1,0
2267,0,1,1,0
2268,0,1,1,0
2269,0,1,1,0
2270,0,1,1,0
2271,0,1,1,0
2272,0,1,1,0
2273,0,1,1,0
2274,0,1,1,0
2275,0,1,1,0
2276,0,1,1,0
2277,0,1,1,0
2278,0,1,1,0
2279,0,1,1,0
2280,0,1,1,0
2281,0,1,1,0
2282,0,1,1,0
2283,0,1,1,0
2284,0,1,1,0
2285,0,1,1,0
2286,0,1,1,0
2287,0,1,1,0
2288,0,1,1,0
2289,0,1,1,0
2290,0,1,1,0
2291,0,1,1,0
2292,0,1,1,0
2293,0,1,1,0
2294,0,1,1,0
2295,0,1,1,0
2296,0,1,1,0
2297,0,1,1,0
2298,0,2,0,0
2299,0,1,1,0
2300,0,1,1,0
2301,0,1,1,0
2302,0,1,1,0
2303,0,1,1,0
2304,0,1,1,0
2305,0,1,1,0
2306,0,1,1,0
2307,0,1,1,0
2308,0,1,1,0
2309,0,1,1,0
2310,0,1,1,0
2311,0,3,0,0
2312,0,1,1,0
2313,0,1,1,0
2314,0,1,1,0
2315,0,1,1,0
2316,0,1,1,0
2317,0,1,1,0
2318,0,1,1,0
2319,0,1,1,0
2320,0,1,1,0
2321,0,1,1,0
2322,0,1,1,0
2323,0,1,1,0
2324,0,2,1,0
2325,0,1,1,0
2326,0,1,1,0
2327,0,1,1,0
2328,0,1,1,0
2329,0,1,1,0
2330,0,1,1,0
2331,0,1,1,0
2332,0,1,1,0
2333,0,1,1,0
2334,0,1,1,0
2335,0,1,1,0
2336,0,1,1,0
2337,0,1,1,0
2338,0,1,1,0
2339,0,1,1,0
2340,0,1,1,0
2341,0,1,1,0
2342,0,1,1,0
2343,0,1,1,0
2344,0,1,1,0
2345,0,1,1,0
2346,0,1,1,0
2347,0,1,1,0
2348,0,1,1,0
2349,0,1,1,0
2350,0,1,1,0
2351,0,1,1,0
2352,0,1,1,0
2353,0,1,1,0
2354,0,1,1,0
2355,0,1,1,0
2356,0,1,1,0
2357,0,1,1,0
2358,0,1,1,0
2359,0,1,1,0
2360,0,1,1,0
2361,0,1,1,0
2362,0,1,1,0
2363,0,1,1,0
2364,0,1,1,0
2365,0,1,1,0
2366,0,1,1,0
2367,0,1,1,0
2368,0,1,1,0
2369,0,1,1,0
2370,0,1,1,0
2371,0,1,1,0
2372,0,1,1,0
2373,0,1,1,0
2374,0,1,1,0
2375,0,1,1,0
2376,0,1,1,0
2377,0,1,1,0
2378,0,1,1,0
2379,0,1,1,0
2380,0,1,1,0
2381,0,1,1,0
2382,0,1,1,0
2383,0,1,1,0
2384,0,1,1,0
2385,0,1,1,0
2386,0,1,1,0
2387,0,1,1,0
2388,0,1,1,0
2389,0,2,2,0
2390,0,1,1,0
2391,0,1,1,0
2392,0,1,1,0
2393,0,1,1,0
2394,0,1,1,0
2395,0,1,1,0
2396,0,3,1,0
2397,0,1,1,0
2398,0,1,1,0
2399,0,1,1,0
2400,0,1,1,0
2401,0,1,1,0
2402,0,1,1,0
2403,0,1,1,0
2404,0,1,1,0
2405,0,1,1,0
2406,0,1,1,0
2407,0,1,1,0
2408,0,1,1,0
2409,0,1,1,0
2410,0,1,1,0
2411,0,1,1,0
2412,0,1,1,0
2413,0,1,1,0
2414,0,2,1,0
2415,0,1,2,0
2416,0,1,1,0
2417,0,1,1,0
2418,0,1,1,0
2419,0,1,1,0
2420,0,1,1,0
2421,0,1,1,0
2422,0,1,1,0
2423,0,1,1,0
2424,0,1,1,0
2425,0,1,1,0
2426,0,1,1,0
2427,0,1,1,0
2428,0,1,1,0
2429,0,1,1,0
2430,0,1,1,0
2431,0,1,1,0
2432,0,1,1,0
2433,0,1,1,0
2434,0,1,1,0
2435,0,1,1,0
2436,0,1,1,0
2437,0,1,1,0
2438,0,1,1,0
2439,0,1,1,0
2440,0,1,1,0
2441,0,1,1,0
2442,0,1,1,0
2443,0,1,1,0
2444,0,1,1,0
2445,0,1,1,0
2446,0,1,1,0
2447,0,1,1,0
2448,0,1,1,0
2449,0,1,1,0
2450,0,1,1,0
2451,0,1,1,0
2452,0,1,1,0
2453,0,1,1,0
2454,0,1,1,0
2455,0,1,1,0
2456,0,1,1,0
2457,0,1,1,0
2458,0,1,1,0
2459,0,1,1,0
2460,0,1,1,0
2461,0,1,1,0
2462,0,1,1,0
2463,0,1,1,0
2464,0,1,1,0
2465,0,1,1,0
2466,0,1,1,0
2467,0,1,1,0
2468,0,1,1,0
2469,0,1,1,0
2470,0,1,1,0
2471,0,1,1,0
2472,0,1,1,0
2473,0,1,1,0
2474,0,1,1,0
2475,0,1,1,0
2476,0,1,1,0
2477,0,1,1,0
2478,0,1,1,0
2479,0,1,1,0
2480,0,1,1,0
2481,0,1,1,0
2482,0,1,1,0
2483,0,1,1,0
2484,0,1,1,0
2485,0,1,1,0
2486,0,1,1,0
2487,0,1,1,0
2488,0,1,1,0
2489,0,1,1,0
2490,0,1,1,0
2491,0,1,1,0
2492,0,1,1,0
2493,0,1,1,0
2494,0,1,1,0
2495,0,1,1,0
2496,0,1,1,0
2497,0,1,1,0
2498,0,2,2,0
2499,0,1,1,0
2500,0,1,1,0
2501,0,1,1,0
2502,0,1,1,0
2503,0,1,1,0
2504,0,1,1,0
2505,0,1,1,0
2506,0,1,1,0
2507,0,1,1,0
2508,0,1,1,0
2509,0,1,1,0
2510,0,1,1,0
2511,0,1,1,0
2512,0,1,1,0
2513,0,1,1,0
2514,0,1,1,0
2515,0,1,1,0
2516,0,1,1,0
2517,0,1,1,0
2518,0,1,1,0
2519,0,1,1,0
2520,0,1,1,0
2521,0,1,1,0
2522,0,1,1,0
2523,0,1,1,0
2524,0,1,1,0
2525,0,1,1,0
2526,0,1,1,0
2527,0,1,1,0
2528,0,1,1,0
2529,0,1,1,0
2530,0,1,1,0
2531,0,1,1,0
2532,0,1,1,0
2533,0,1,1,0
2534,0,1,1,0
2535,0,1,1,0
2536,0,1,1,0
2537,0,1,1,0
2538,0,3,0,0
2539,0,1,1,0
2540,0,1,1,0
2541,0,1,1,0
2542,0,1,1,0
2543,0,1,1,0
2544,0,1,1,0
2545,0,1,1,0
2546,0,2,1,0
2547,0,2,1,0
2548,0,1,1,0
2549,0,1,1,0
2550,0,1,1,0
2551,0,1,1,0
2552,0,1,1,0
2553,0,2,0,0
2554,0,1,1,0
2555,0,1,1,0
2556,0,1,1,0
2557,0,1,1,0
2558,0,1,1,0
2559,0,1,1,0
2560,0,1,1,0
2561,0,1,1,0
2562,0,1,1,0
2563,0,1,1,0
2564,0,1,1,0
2565,0,1,1,0
2566,0,1,1,0
2567,0,1,1,0
2568,0,1,3,0
2569,0,1,1,0
2570,0,1,1,0
2571,0,1,1,0
2572,0,1,1,0
2573,0,1,1,0
2574,0,1,1,0
2575,0,1,1,0
2576,0,1,1,0
2577,0,1,1,0
2578,0,1,1,0
2579,0,1,1,0
2580,0,1,1,0
2581,0,1,1,0
2582,0,1,1,0
2583,0,1,1,0
2584,0,1,1,0
2585,0,1,1,0
2586,0,1,1,0
2587,0,1,1,0
2588,0,1,1,0
2589,0,1,1,0
2590,0,1,1,0
2591,0,1,1,0
2592,0,2,0,0
2593,0,1,1,0
2594,0,1,1,0
2595,0,1,1,0
2596,0,1,1,0
2597,0,1,1,0
2598,0,1,1,0
2599,0,1,1,0
2600,0,1,1,0
2601,0,1,1,0
2602,0,1,1,0
2603,0,1,1,0
2604,0,1,1,0
2605,0,1,1,0
2606,0,1,1,0
2607,0,1,1,0
2608,0,1,1,0
2609,0,1,1,0
2610,0,1,1,0
2611,0,1,1,0
2612,0,1,1,0
2613,0,1,1,0
2614,0,1,1,0
2615,0,1,1,0
2616,0,1,1,0
2617,0,1,1,0
2618,0,1,1,0
2619,0,1,1,0
2620,0,1,1,0
2621,0,1,1,0
2622,0,1,2,0
2623,0,1,1,0
2624,0,1,1,0
2625,0,1,1,0
2626,0,1,1,0
2627,0,1,1,0
2628,0,1,1,0
2629,0,1,1,0
2630,0,1,1,0
2631,0,1,1,0
2632,0,1,1,0
2633,0,1,1,0
2634,0,1,1,0
2635,0,1,1,0
2636,0,1,1,0
2637,0,1,1,0
2638,0,1,1,0
2639,0,1,1,0
2640,0,1,1,0
2641,0,1,1,0
2642,0,1,1,0
2643,0,1,1,0
2644,0,1,1,0
2645,0,1,1,0
2646,0,1,1,0
2647,0,1,1,0
2648,0,1,1,0
2649,0,1,1,0
2650,0,1,1,0
2651,0,1,1,0
2652,0,1,1,0
2653,0,1,1,0
2654,0,1,1,0
2655,0,1,1,0
2656,0,1,1,0
2657,0,1,1,0
2658,0,1,1,0
2659,0,1,1,0
2660,0,1,1,0
2661,0,1,1,0
2662,0,1,1,0
2663,0,1,1,0
2664,0,1,1,0
2665,0,1,1,0
2666,0,1,1,0
2667,0,1,1,0
2668,0,1,1,0
2669,0,1,1,0
2670,0,1,1,0
2671,0,1,1,0
2672,0,1,1,0
2673,0,1,1,0
2674,0,1,1,0
2675,0,1,1,0
2676,0,1,1,0
2677,0,1,1,0
2678,0,1,1,0
2679,0,1,1,0
2680,0,1,1,0
2681,0,1,1,0
2682,0,2,0,0
2683,0,1,1,0
2684,0,1,1,0
2685,0,1,1,0
2686,0,1,1,0
2687,0,1,1,0
2688,0,1,1,0
2689,0,1,1,0
2690,0,1,1,0
2691,0,1,1,0
2692,0,1,1,0
2693,0,1,1,0
2694,0,1,1,0
2695,0,1,1,0
2696,0,1,1,0
2697,0,1,1,0
2698,0,1,1,0
2699,0,1,1,0
2700,0,1,1,0
2701,0,1,1,0
2702,0,1,1,0
2703,0,1,1,0
2704,0,1,1,0
2705,0,1,1,0
2706,0,1,1,0
2707,0,1,1,0
2708,0,1,1,0
2709,0,1,1,0
2710,0,1,1,0
2711,0,1,1,0
2712,0,1,1,0
2713,0,1,1,0
2714,0,1,1,0
2715,0,1,1,0
2716,0,1,1,0
2717,0,1,1,0
2718,0,1,1,0
2719,0,1,1,0
2720,0,1,1,0
2721,0,1,1,0
2722,0,1,1,0
2723,0,1,1,0
2724,0,1,1,0
2725,0,1,1,0
2726,0,1,1,0
2727,0,1,1,0
2728,0,1,1,0
2729,0,1,1,0
2730,0,1,1,0
2731,0,1,1,0
2732,0,1,1,0
2733,0,1,1,0
2734,0,2,1,0
2735,0,1,1,0
2736,0,1,1,0
2737,0,1,1,0
2738,0,1,1,0
2739,0,1,1,0
2740,0,1,1,0
2741,0,1,1,0
2742,0,1,1,0
2743,0,1,1,0
2744,0,1,1,0
2745,0,1,1,0
2746,0,1,1,0
2747,0,1,1,0
2748,0,1,1,0
2749,0,1,1,0
2750,0,1,1,0
2751,0,1,1,0
2752,0,1,1,0
2753,0,1,1,0
2754,0,1,1,0
2755,0,1,1,0
2756,0,1,1,0
2757,0,1,1,0
2758,0,1,1,0
2759,0,1,1,0
2760,0,1,1,0
2761,0,1,1,0
2762,0,1,1,0
2763,0,1,1,0
2764,0,1,1,0
2765,0,1,1,0
2766,0,1,1,0
2767,0,1,1,0
2768,0,1,1,0
2769,0,1,1,0
2770,0,1,1,0
2771,0,1,1,0
2772,0,1,1,0
2773,0,1,1,0
2774,0,1,1,0
2775,0,1,1,0
2776,0,1,1,0
2777,0,1,1,0
2778,0,1,1,0
2779,0,1,1,0
2780,0,2,2,0
2781,0,1,1,0
2782,0,1,1,0
2783,0,1,1,0
2784,0,1,1,0
2785,0,1,1,0
2786,0,1,1,0
2787,0,1,1,0
2788,0,1,1,0
2789,0,1,1,0
2790,0,1,2,0
2791,0,1,1,0
2792,0,1,1,0
2793,0,1,1,0
2794,0,1,1,0
2795,0,1,1,0
2796,0,1,1,0
2797,0,1,1,0
2798,0,1,1,0
2799,0,1,1,0
2800,0,1,2,0
2801,0,1,1,0
2802,0,1,1,0
2803,0,1,1,0
2804,0,1,1,0
2805,0,1,1,0
2806,0,1,1,0
2807,0,1,1,0
2808,0,1,1,0
2809,0,1,1,0
2810,0,1,1,0
2811,0,1,1,0
2812,0,1,1,0
2813,0,1,1,0
2814,0,1,1,0
2815,0,1,1,0
2816,0,1,1,0
2817,0,1,1,0
2818,0,1,1,0
2819,0,1,1,0
2820,0,1,1,0
2821,0,1,1,0
2822,0,1,1,0
2823,0,1,1,0
2824,0,1,1,0
2825,0,1,1,0
2826,0,1,1,0
2827,0,1,1,0
2828,0,1,1,0
2829,0,1,1,0
2830,0,1,1,0
2831,0,1,1,0
2832,0,1,1,0
2833,0,1,1,0
2834,0,1,1,0
2835,0,1,1,0
2836,0,1,1,0
2837,0,1,1,0
2838,0,1,1,0
2839,0,1,1,0
2840,0,1,1,0
2841,0,1,1,0
2842,0,1,1,0
2843,0,1,1,0
2844,0,1,1,0
2845,0,1,1,0
2846,0,1,1,0
2847,0,1,1,0
2848,0,1,1,0
2849,0,2,0,0
2850,0,1,1,0
2851,0,1,1,0
2852,0,1,1,0
2853,0,1,1,0
2854,0,1,1,0
2855,0,1,1,0
2856,0,1,1,0
2857,0,1,1,0
2858,0,1,1,0
2859,0,1,1,0
2860,0,1,1,0
2861,0,1,1,0
2862,0,1,1,0
2863,0,1,1,0
2864,0,1,1,0
2865,0,1,1,0
2866,0,1,1,0
2867,0,1,1,0
2868,0,1,1,0
2869,0,1,1,0
2870,0,1,1,0
2871,0,1,1,0
2872,0,1,1,0
2873,0,1,1,0
2874,0,1,1,0
2875,0,1,1,0
2876,0,1,1,0
2877,0,1,1,0
2878,0,1,1,0
2879,0,1,2,0
2880,0,1,1,0
2881,0,1,1,0
2882,0,1,1,0
2883,0,1,1,0
2884,0,1,1,0
2885,0,1,1,0
2886,0,1,1,0
2887,0,1,1,0
2888,0,1,1,0
2889,0,1,1,0
2890,0,1,1,0
2891,0,1,1,0
2892,0,1,1,0
2893,0,1,1,0
2894,0,1,1,0
2895,0,1,1,0
2896,0,1,1,0
2897,0,1,1,0
2898,0,1,1,0
2899,0,1,1,0
2900,0,1,1,0
2901,0,1,1,0
2902,0,1,1,0
2903,0,1,1,0
2904,0,1,1,0
2905,0,1,1,0
2906,0,1,1,0
2907,0,1,1,0
2908,0,1,1,0
2909,0,1,1,0
2910,0,1,1,0
2911,0,1,1,0
2912,0,3,0,0
2913,0,1,1,0
2914,0,1,1,0
2915,0,1,1,0
2916,0,1,1,0
2917,0,1,1,0
2918,0,1,1,0
2919,0,1,1,0
2920,0,1,1,0
2921,0,1,1,0
2922,0,1,1,0
2923,0,1,1,0
2924,0,1,1,0
2925,0,1,1,0
2926,0,1,1,0
2927,0,1,1,0
2928,0,1,1,0
2929,0,1,1,0
2930,0,1,1,0
2931,0,1,1,0
2932,0,1,1,0
2933,0,1,1,0
2934,0,1,1,0
2935,0,1,1,0
2936,0,1,1,0
2937,0,1,1,0
2938,0,1,1,0
2939,0,1,1,0
2940,0,1,1,0
2941,0,1,1,0
2942,0,1,1,0
2943,0,1,1,0
2944,0,1,1,0
2945,0,1,1,0
2946,0,1,1,0
2947,0,1,1,0
2948,0,1,1,0
2949,0,1,1,0
2950,0,1,1,0
2951,0,1,1,0
2952,0,1,1,0
2953,0,1,1,0
2954,0,1,1,0
2955,0,1,1,0
2956,0,2,0,0
2957,0,1,1,0
2958,0,1,1,0
2959,0,1,1,0
2960,0,1,1,0
2961,0,1,1,0
2962,0,1,1,0
2963,0,1,1,0
2964,0,1,1,0
2965,0,1,1,0
2966,0,2,1,0
2967,0,1,1,0
2968,0,1,1,0
2969,0,1,1,0
2970,0,1,1,0
2971,0,1,1,0
2972,0,1,1,0
2973,0,1,1,0
2974,0,1,1,0
2975,0,2,0,0
2976,0,1,1,0
2977,0,1,1,0
2978,0,1,1,0
2979,0,1,1,0
2980,0,1,1,0
2981,0,1,1,0
2982,0,1,1,0
2983,0,1,1,0
2984,0,1,1,0
2985,0,1,1,0
2986,0,1,1,0
2987,0,1,1,0
2988,0,1,1,0
2989,0,1,1,0
2990,0,1,1,0
2991,0,1,1,0
2992,0,1,1,0
2993,0,1,1,0
2994,0,1,1,0
2995,0,1,1,0
2996,0,1,1,0
2997,0,1,1,0
2998,0,1,1,0
2999,0,1,1,0
3000,0,1,1,0
3001,0,1,1,0
3002,0,1,1,0
3003,0,1,1,0
3004,0,1,1,0
3005,0,1,1,0
3006,0,1,1,0
3007,0,1,1,0
3008,0,1,1,0
3009,0,1,1,0
3010,0,1,1,0
3011,0,1,1,0
3012,0,1,1,0
3013,0,1,1,0
3014,0,1,1,0
3015,0,1,1,0
3016,0,1,1,0
3017,0,1,1,0
3018,0,1,1,0
3019,0,1,1,0
3020,0,1,1,0
3021,0,1,1,0
3022,0,1,1,0
3023,0,1,1,0
3024,0,1,1,0
3025,0,1,1,0
3026,0,1,1,0
3027,0,1,1,0
3028,0,1,1,0
3029,0,1,1,0
3030,0,1,1,0
3031,0,1,1,0
3032,0,1,1,0
3033,0,1,1,0
3034,0,1,1,0
3035,0,2,1,0
3036,0,1,1,0
3037,0,1,1,0
3038,0,1,1,0
3039,0,1,1,0
3040,0,1,1,0
3041,0,1,1,0
3042,0,1,1,0
3043,0,1,1,0
3044,0,1,1,0
3045,0,1,1,0
3046,0,1,1,0
3047,0,1,1,0
3048,0,1,1,0
3049,0,1,1,0
3050,0,1,1,0
3051,0,1,1,0
3052,0,1,1,0
3053,0,1,1,0
3054,0,1,1,0
3055,0,1,1,0
3056,0,1,1,0
3057,0,1,1,0
3058,0,1,1,0
3059,0,1,1,0
3060,0,1,1,0
3061,0,1,1,0
3062,0,1,1,0
3063,0,1,2,0
3064,0,1,1,0
3065,0,1,1,0
3066,0,2,2,0
3067,0,1,1,0
3068,0,1,1,0
3069,0,1,1,0
3070,0,1,1,0
3071,0,1,1,0
3072,0,1,1,0
3073,0,1,1,0
3074,0,1,1,0
3075,0,1,1,0
3076,0,1,1,0
3077,0,1,1,0
3078,0,1,1,0
3079,0,1,1,0
3080,0,1,1,0
3081,0,1,1,0
3082,0,1,1,0
3083,0,1,1,0
3084,0,1,1,0
3085,0,1,1,0
3086,0,1,1,0
3087,0,1,1,0
3088,0,1,1,0
3089,0,1,1,0
3090,0,1,1,0
3091,0,1,1,0
3092,0,1,1,0
3093,0,1,1,0
3094,0,1,1,0
3095,0,1,1,0
3096,0,1,1,0
3097,0,1,1,0
3098,0,1,1,0
3099,0,1,1,0
3100,0,1,1,0
3101,0,1,1,0
3102,0,1,1,0
3103,0,1,1,0
3104,0,1,1,0
3105,0,1,1,0
3106,0,1,1,0
3107,0,1,1,0
3108,0,1,1,0
3109,0,1,1,0
3110,0,1,1,0
3111,0,1,1,0
3112,0,1,1,0
3113,0,1,1,0
3114,0,1,1,0
3115,0,1,1,0
3116,0,1,1,0
3117,0,1,1,0
3118,0,1,1,0
3119,0,1,1,0
3120,0,1,1,0
3121,0,1,1,0
3122,0,1,1,0
3123,0,1,1,0
3124,0,1,1,0
3125,0,1,1,0
3126,0,1,1,0
3127,0,1,1,0
3128,0,1,1,0
3129,0,1,1,0
3130,0,1,1,0
3131,0,1,1,0
3132,0,1,1,0
3133,0,1,1,0
3134,0,1,1,0
3135,0,1,1,0
3136,0,1,1,0
3137,0,1,1,0
3138,0,1,1,0
3139,0,1,1,0
3140,0,1,1,0
3141,0,1,1,0
3142,0,1,1,0
3143,0,1,1,0
3144,0,1,1,0
3145,0,1,1,0
3146,0,1,1,0
3147,0,1,1,0
3148,0,1,1,0
3149,0,1,1,0
3150,0,1,1,0
3151,0,1,1,0
3152,0,1,1,0
3153,0,1,1,0
3154,0,1,1,0
3155,0,1,1,0
3156,0,1,1,0
3157,0,1,1,0
3158,0,1,1,0
3159,0,1,1,0
3160,0,1,1,0
3161,0,1,1,0
3162,0,1,1,0
3163,0,1,1,0
3164,0,1,1,0
3165,0,1,1,0
3166,0,1,1,0
3167,0,1,1,0
3168,0,1,1,0
3169,0,1,1,0
3170,0,1,1,0
3171,0,1,1,0
3172,0,1,1,0
3173,0,1,1,0
3174,0,1,1,0
3175,0,1,1,0
3176,0,1,1,0
3177,0,1,1,0
3178,0,1,1,0
3179,0,1,1,0
3180,0,1,1,0
3181,0,1,1,0
3182,0,1,1,0
3183,0,1,1,0
3184,0,1,1,0
3185,0,1,1,0
3186,0,1,1,0
3187,0,1,1,0
3188,0,1,1,0
3189,0,1,1,0
3190,0,1,1,0
3191,0,1,1,0
3192,0,1,1,0
3193,0,1,1,0
3194,0,1,1,0
3195,0,1,1,0
3196,0,1,1,0
3197,0,1,1,0
3198,0,1,1,0
3199,0,1,1,0
3200,0,1,1,0
3201,0,1,1,0
3202,0,1,1,0
3203,0,1,1,0
3204,0,1,1,0
3205,0,1,1,0
3206,0,1,1,0
3207,0,1,1,0
3208,0,1,1,0
3209,0,1,1,0
3210,0,1,1,0
3211,0,1,1,0
3212,0,1,1,0
3213,0,1,1,0
3214,0,1,1,0
3215,0,1,1,0
3216,0,1,1,0
3217,0,1,1,0
3218,0,1,1,0
3219,0,1,1,0
3220,0,1,1,0
3221,0,1,1,0
3222,0,1,1,0
3223,0,1,1,0
3224,0,1,1,0
3225,0,1,1,0
3226,0,1,1,0
3227,0,1,1,0
3228,0,1,1,0
3229,0,1,1,0
3230,0,1,1,0
3231,0,1,1,0
3232,0,1,1,0
3233,0,1,1,0
3234,0,1,1,0
3235,0,1,1,0
3236,0,1,1,0
3237,0,1,1,0
3238,0,1,1,0
3239,0,1,1,0
3240,0,1,1,0
3241,0,1,1,0
3242,0,1,1,0
3243,0,1,1,0
3244,0,1,1,0
3245,0,1,1,0
3246,0,1,1,0
3247,0,1,1,0
3248,0,1,1,0
3249,0,1,1,0
3250,0,1,1,0
3251,0,1,1,0
3252,0,1,1,0
3253,0,1,1,0
3254,0,1,1,0
3255,0,1,1,0
3256,0,1,1,0
3257,0,1,1,0
3258,0,1,1,0
3259,0,1,1,0
3260,0,1,1,0
3261,0,1,1,0
3262,0,1,1,0
3263,0,1,1,0
3264,0,1,1,0
3265,0,1,1,0
3266,0,1,1,0
3267,0,1,1,0
3268,0,1,1,0
3269,0,1,1,0
3270,0,1,1,0
3271,0,1,1,0
3272,0,1,1,0
3273,0,1,1,0
3274,0,1,1,0
3275,0,1,1,0
3276,0,1,1,0
3277,0,1,1,0
3278,0,1,1,0
3279,0,1,1,0
3280,0,1,1,0
3281,0,1,1,0
3282,0,1,1,0
3283,0,1,1,0
3284,0,1,1,0
3285,0,1,1,0
3286,0,1,1,0
3287,0,1,1,0
3288,0,1,1,0
3289,0,1,1,0
3290,0,1,1,0
3291,0,1,1,0
3292,0,1,1,0
3293,0,1,1,0
3294,0,1,1,0
3295,0,1,1,0
3296,0,1,1,0
3297,0,1,1,0
3298,0,1,1,0
3299,0,1,1,0
3300,0,1,1,0
3301,0,1,1,0
3302,0,1,1,0
3303,0,1,1,0
3304,0,1,1,0
3305,0,1,1,0
3306,0,1,1,0
3307,0,1,1,0
3308,0,1,1,0
3309,0,1,1,0
3310,0,1,1,0
3311,0,1,1,0
3312,0,1,1,0
3313,0,1,1,0
3314,0,1,1,0
3315,0,1,1,0
3316,0,1,1,0
3317,0,1,1,0
3318,0,1,1,0
3319,0,1,1,0
3320,0,1,1,0
3321,0,1,1,0
3322,0,1,1,0
3323,0,1,1,0
3324,0,1,1,0
3325,0,1,1,0
3326,0,1,1,0
3327,0,1,1,0
3328,0,1,1,0
3329,0,1,1,0
3330,0,1,1,0
3331,0,1,1,0
3332,0,1,1,0
3333,0,1,1,0
3334,0,1,1,0
3335,0,1,1,0
3336,0,1,1,0
3337,0,2,2,0
3338,0,1,1,0
3339,0,1,1,0
3340,0,1,1,0
3341,0,1,1,0
3342,0,1,1,0
3343,0,1,1,0
3344,0,1,1,0
3345,0,1,1,0
3346,0,1,1,0
3347,0,1,1,0
3348,0,1,1,0
3349,0,1,1,0
3350,0,1,1,0
3351,0,1,1,0
3352,0,1,1,0
3353,0,1,1,0
3354,0,1,1,0
3355,0,1,1,0
3356,0,1,1,0
3357,0,1,1,0
3358,0,1,1,0
3359,0,1,1,0
3360,0,1,1,0
3361,0,1,1,0
3362,0,1,1,0
3363,0,1,1,0
3364,0,1,1,0
3365,0,1,1,0
3366,0,1,1,0
3367,0,1,1,0
3368,0,1,1,0
3369,0,1,1,0
3370,0,1,1,0
3371,0,1,1,0
3372,0,1,1,0
3373,0,1,1,0
3374,0,1,1,0
3375,0,1,1,0
3376,0,1,1,0
3377,0,1,1,0
3378,0,1,1,0
3379,0,1,1,0
3380,0,1,1,0
3381,0,1,1,0
3382,0,1,1,0
3383,0,1,1,0
3384,0,1,1,0
3385,0,1,1,0
3386,0,1,1,0
3387,0,1,1,0
3388,0,1,1,0
3389,0,1,1,0
3390,0,1,1,0
3391,0,1,1,0
3392,0,1,1,0
3393,0,1,1,0
3394,0,1,1,0
3395,0,1,1,0
3396,0,1,1,0
3397,0,1,1,0
3398,0,1,1,0
3399,0,1,1,0
3400,0,1,1,0
3401,0,1,1,0
3402,0,1,1,0
3403,0,1,1,0
3404,0,1,1,0
3405,0,1,1,0
3406,0,1,1,0
3407,0,1,1,0
3408,0,1,1,0
3409,0,1,1,0
3410,0,1,1,0
3411,0,1,1,0
3412,0,1,1,0
3413,0,1,1,0
3414,0,1,1,0
3415,0,1,1,0
3416,0,1,1,0
3417,0,1,1,0
3418,0,1,1,0
3419,0,1,1,0
3420,0,1,1,0
3421,0,1,1,0
3422,0,1,1,0
3423,0,1,1,0
3424,0,1,1,0
3425,0,1,1,0
3426,0,1,1,0
3427,0,1,1,0
3428,0,1,1,0
3429,0,1,1,0
3430,0,1,1,0
3431,0,1,1,0
3432,0,1,1,0
3433,0,1,1,0
3434,0,1,1,0
3435,0,1,1,0
3436,0,1,1,0
3437,0,1,1,0
3438,0,1,1,0
3439,0,1,1,0
3440,0,1,1,0
3441,0,1,1,0
3442,0,1,1,0
3443,0,1,1,0
3444,0,1,1,0
3445,0,1,1,0
3446,0,1,1,0
3447,0,1,1,0
3448,0,1,1,0
3449,0,1,1,0
3450,0,1,1,0
3451,0,1,1,0
3452,0,1,1,0
3453,0,1,1,0
3454,0,1,1,0
3455,0,1,1,0
3456,0,1,1,0
3457,0,1,1,0
3458,0,1,1,0
3459,0,1,1,0
3460,0,1,1,0
3461,0,1,1,0
3462,0,1,1,0
3463,0,1,1,0
3464,0,1,1,0
3465,0,1,1,0
3466,0,1,1,0
3467,0,1,1,0
3468,0,1,1,0
3469,0,1,1,0
3470,0,1,1,0
3471,0,1,1,0
3472,0,1,1,0
3473,0,1,1,0
3474,0,1,1,0
3475,0,1,1,0
3476,0,1,1,0
3477,0,1,1,0
3478,0,1,1,0
3479,0,1,1,0
3480,0,1,1,0
3481,0,1,1,0
3482,0,1,1,0
3483,0,1,1,0
3484,0,1,1,0
3485,0,1,1,0
3486,0,1,1,0
3487,0,1,1,0
3488,0,1,1,0
3489,0,1,1,0
3490,0,1,1,0
3491,0,1,1,0
3492,0,1,1,0
3493,0,1,1,0
3494,0,1,1,0
3495,0,1,1,0
3496,0,1,1,0
3497,0,1,1,0
3498,0,1,1,0
3499,0,1,1,0
3500,0,1,1,0
3501,0,1,1,0
3502,0,1,1,0
3503,0,1,1,0
3504,0,1,1,0
3505,0,1,1,0
3506,0,1,1,0
3507,0,1,1,0
3508,0,1,1,0
3509,0,1,1,0
3510,0,1,1,0
3511,0,1,1,0
3512,0,1,1,0
3513,0,1,1,0
3514,0,1,1,0
3515,0,1,1,0
3516,0,1,1,0
3517,0,1,1,0
3518,0,1,1,0
3519,0,1,1,0
3520,0,1,1,0
3521,0,1,1,0
3522,0,1,1,0
3523,0,1,1,0
3524,0,1,1,0
3525,0,1,1,0
3526,0,1,1,0
3527,0,1,1,0
3528,0,1,1,0
3529,0,1,1,0
3530,0,1,1,0
3531,0,1,1,0
3532,0,1,1,0
3533,0,1,1,0
3534,0,1,1,0
3535,0,1,1,0
3536,0,1,1,0
3537,0,1,1,0
3538,0,1,1,0
3539,0,1,1,0
3540,0,1,1,0
3541,0,1,1,0
3542,0,1,1,0
3543,0,1,1,0
3544,0,1,1,0
3545,0,1,1,0
3546,0,1,1,0
3547,0,1,1,0
3548,0,1,1,0
3549,0,1,1,0
3550,0,1,1,0
3551,0,1,1,0
3552,0,1,1,0
3553,0,1,1,0
3554,0,1,1,0
3555,0,1,1,0
3556,0,1,1,0
3557,0,1,1,0
3558,0,1,1,0
3559,0,1,1,0
3560,0,1,1,0
3561,0,1,1,0
3562,0,1,1,0
3563,0,1,1,0
3564,0,1,1,0
3565,0,1,1,0
3566,0,1,1,0
3567,0,1,1,0
3568,0,1,1,0
3569,0,1,1,0
3570,0,1,1,0
3571,0,1,1,0
3572,0,1,1,0
3573,0,1,1,0
3574,0,1,1,0
3575,0,1,1,0
3576,0,1,1,0
3577,0,1,1,0
3578,0,1,1,0
3579,0,1,1,0
3580,0,1,1,0
3581,0,1,1,0
3582,0,1,1,0
3583,0,1,1,0
3584,0,1,1,0
3585,0,1,1,0
3586,0,1,1,0
3587,0,1,1,0
3588,0,1,1,0
3589,0,1,1,0
3590,0,1,1,0
3591,0,1,1,0
3592,0,1,1,0
3593,0,1,1,0
3594,0,1,1,0
3595,0,1,1,0
3596,0,1,1,0
3597,0,1,1,0
3598,0,1,1,0
3599,0,1,1,0
3600,0,1,2,0
3601,0,1,1,0
3602,0,1,1,0
3603,0,1,1,0
3604,0,1,1,0
3605,0,1,1,0
3606,0,1,1,0
3607,0,1,1,0
3608,0,1,1,0
3609,0,0,2,0
3610,0,0,2,0
3611,0,0,2,0
3612,0,0,2,0
3613,0,0,2,0
3614,0,0,2,0
3615,0,0,2,0
3616,0,0,2,0
3617,0,0,2,0
3618,0,0,3,0
